{"network": {"dim_input": 350, "dim_emb": 1}, "data": {"weights": [0.0003478958721172963, 0.0003456379713743067, 0.0003744276723215052, 2.7560595871623853e-07, 5.1048808392493295e-18, 0.28842984940480537, 0.9999999999999999, 0.4483193456686096, 0.34462236788026945, 0.42745454124885873, 6.426683431466243e-24, 3.0632312612371824e-29, 0.4770426849308018]}, "tSNE": {"perplexity": 20, "early_exaggeration": 4, "early_exaggeration_constant": 12, "dist_func_name": "euc", "bin_search_tol": 1e-05, "bin_search_max_iter": 300, "min_allowed_sig_sq": 0, "max_allowed_sig_sq": 1000}, "training": {"n_epochs": 500, "learning_rate": 0.001, "alpha_pos": 0, "alpha_l1": 0, "alpha_KL": 1, "size_gauss": 4, "batch_size": 1000, "n_cluster": 30}}